# English 2-grams, log10 probability. Source: NLTK Gutenberg selection (public domain), 8926132 letters. Built by scripts/data/build_english_ngrams.py.
# floor	-8.9507
TH	-1.4104
HE	-1.4844
AN	-1.7135
IN	-1.7738
ER	-1.7743
ND	-1.8123
HA	-1.8744
RE	-1.8798
ES	-1.9033
EA	-1.9477
OU	-1.9620
EN	-1.9685
TO	-1.9713
NT	-1.9799
ST	-1.9833
AT	-1.9859
HI	-2.0014
ED	-2.0130
OR	-2.0144
ON	-2.0232
ET	-2.0344
OF	-2.0426
IS	-2.0515
IT	-2.0593
NG	-2.0802
AR	-2.1148
SE	-2.1156
AS	-2.1196
AL	-2.1205
LL	-2.1378
SA	-2.1408
VE	-2.1626
EL	-2.1704
LE	-2.1752
NO	-2.1828
TE	-2.1832
TI	-2.1871
SH	-2.1959
ME	-2.2016
OT	-2.2153
NE	-2.2248
HO	-2.2314
SO	-2.2328
DT	-2.2486
RO	-2.2641
BE	-2.2655
TT	-2.2697
TA	-2.2722
RI	-2.2830
EE	-2.2947
DE	-2.2948
DA	-2.2958
EM	-2.2962
RA	-2.2986
MA	-2.3008
OM	-2.3156
RT	-2.3281
WH	-2.3283
WI	-2.3487
FO	-2.3491
SS	-2.3545
WA	-2.3569
LI	-2.3572
EI	-2.3594
EW	-2.3601
DI	-2.3610
LO	-2.3708
EC	-2.3753
SI	-2.3769
UT	-2.3850
RS	-2.3896
CH	-2.3922
OW	-2.3930
CO	-2.3959
US	-2.3973
UR	-2.4017
FT	-2.4035
AI	-2.4076
IL	-2.4086
LA	-2.4169
NA	-2.4215
UN	-2.4274
DO	-2.4319
HT	-2.4433
YO	-2.4433
CE	-2.4475
EH	-2.4479
EO	-2.4492
NS	-2.4551
AD	-2.4567
WE	-2.4704
DS	-2.4746
GH	-2.4814
TS	-2.4841
LD	-2.4979
EF	-2.5023
ID	-2.5024
RD	-2.5040
IM	-2.5079
AM	-2.5298
IC	-2.5309
MO	-2.5386
PE	-2.5426
CA	-2.5458
EP	-2.5477
OO	-2.5506
LY	-2.5520
EY	-2.5521
NI	-2.5615
IR	-2.5643
OS	-2.5647
KE	-2.5650
AC	-2.5745
UL	-2.5780
AY	-2.5794
GO	-2.5954
FA	-2.6036
EV	-2.6055
DH	-2.6076
IE	-2.6099
MI	-2.6121
TW	-2.6122
OL	-2.6189
NC	-2.6250
AV	-2.6267
EB	-2.6303
OD	-2.6318
LT	-2.6329
TR	-2.6376
BU	-2.6386
GA	-2.6393
IO	-2.6404
WO	-2.6516
GE	-2.6549
FI	-2.6570
SW	-2.6642
IG	-2.6730
SU	-2.6812
PO	-2.6854
RY	-2.6951
PR	-2.6985
PA	-2.7006
DW	-2.7046
SP	-2.7064
FE	-2.7076
YS	-2.7159
AB	-2.7229
YT	-2.7306
YE	-2.7385
FR	-2.7521
EG	-2.7608
DB	-2.7673
TU	-2.7745
TL	-2.7865
AG	-2.7973
BO	-2.7973
PL	-2.8017
YA	-2.8035
RN	-2.8040
NH	-2.8085
OP	-2.8149
TY	-2.8153
SC	-2.8217
UP	-2.8256
IF	-2.8271
BL	-2.8287
AP	-2.8302
IV	-2.8402
MY	-2.8437
IA	-2.8484
LS	-2.8484
UG	-2.8505
GR	-2.8538
GT	-2.8540
GI	-2.8567
DR	-2.8611
AK	-2.8637
KI	-2.8647
RM	-2.8715
VI	-2.8801
BR	-2.8818
OA	-2.8906
DM	-2.8978
OH	-2.9016
SM	-2.9071
OB	-2.9175
OV	-2.9195
MT	-2.9214
DF	-2.9233
RH	-2.9331
RU	-2.9335
OI	-2.9353
DN	-2.9362
SB	-2.9385
TB	-2.9402
CK	-2.9475
CT	-2.9478
UC	-2.9501
SF	-2.9532
BA	-2.9643
HY	-2.9655
BY	-2.9689
AW	-2.9689
GS	-2.9690
RR	-2.9700
YI	-2.9750
NW	-2.9774
NY	-2.9778
RC	-2.9823
DU	-2.9846
RW	-2.9847
FF	-2.9848
YW	-2.9852
WN	-2.9893
CI	-2.9914
AU	-2.9916
TM	-3.0009
OK	-3.0020
PI	-3.0036
MP	-3.0172
LF	-3.0182
AF	-3.0184
SN	-3.0186
DL	-3.0188
SL	-3.0237
PT	-3.0248
UE	-3.0248
HU	-3.0250
DD	-3.0317
TC	-3.0345
MU	-3.0358
MS	-3.0410
TF	-3.0414
CR	-3.0414
OC	-3.0494
NN	-3.0551
RF	-3.0562
AH	-3.0595
RL	-3.0650
HR	-3.0657
DY	-3.0675
FH	-3.0677
KN	-3.0701
QU	-3.0745
UI	-3.0761
UA	-3.0777
YH	-3.0787
RB	-3.0896
PP	-3.1006
YM	-3.1030
EU	-3.1094
DG	-3.1137
DC	-3.1157
NF	-3.1168
UD	-3.1171
NL	-3.1180
LB	-3.1200
YB	-3.1208
UM	-3.1262
MB	-3.1269
HH	-3.1334
CL	-3.1363
FL	-3.1366
MM	-3.1452
FU	-3.1455
EX	-3.1490
EK	-3.1604
NB	-3.1647
SR	-3.1654
NK	-3.1734
HS	-3.1746
CU	-3.1786
SD	-3.1833
TN	-3.1840
TD	-3.1900
YF	-3.1902
OY	-3.1910
RP	-3.1917
RG	-3.2002
IK	-3.2030
NM	-3.2035
PH	-3.2065
GL	-3.2116
RK	-3.2194
VA	-3.2200
OE	-3.2201
LU	-3.2437
YC	-3.2439
NU	-3.2445
DP	-3.2454
JE	-3.2456
PU	-3.2467
IP	-3.2556
OG	-3.2561
MR	-3.2578
HW	-3.2608
UB	-3.2622
YP	-3.2650
BI	-3.2655
IW	-3.2701
LW	-3.2874
YL	-3.2880
RV	-3.2883
GU	-3.2899
FS	-3.2907
FM	-3.2924
YD	-3.2955
IB	-3.2956
WT	-3.3025
LM	-3.3073
SY	-3.3085
JU	-3.3110
JO	-3.3115
SG	-3.3219
HM	-3.3282
TP	-3.3379
IH	-3.3411
LH	-3.3414
VO	-3.3585
KS	-3.3724
KA	-3.3957
AE	-3.3957
YR	-3.4004
WS	-3.4013
SK	-3.4051
HB	-3.4210
MW	-3.4277
CC	-3.4349
LK	-3.4401
LC	-3.4403
GW	-3.4465
PS	-3.4493
LN	-3.4608
YG	-3.4652
MH	-3.4686
GN	-3.4759
NP	-3.4769
KT	-3.4841
TG	-3.4931
GM	-3.4943
YN	-3.4951
LV	-3.4954
AA	-3.4987
HF	-3.5263
FW	-3.5302
FY	-3.5312
KO	-3.5315
EQ	-3.5354
EJ	-3.5375
FG	-3.5390
LP	-3.5394
FB	-3.5436
WR	-3.5486
BS	-3.5658
NV	-3.5697
DJ	-3.5787
GB	-3.5803
GF	-3.5857
MF	-3.5872
NR	-3.6075
UW	-3.6162
HN	-3.6207
FC	-3.6245
UH	-3.6368
HD	-3.6374
JA	-3.6402
MN	-3.6415
ZE	-3.6453
GG	-3.6540
DV	-3.6653
GY	-3.6653
FJ	-3.6692
HC	-3.6737
LR	-3.6793
WL	-3.7024
HL	-3.7091
FP	-3.7126
UF	-3.7136
GD	-3.7200
WW	-3.7251
LG	-3.7287
SV	-3.7298
YY	-3.7379
YU	-3.7382
HP	-3.7401
XP	-3.7409
XT	-3.7414
FD	-3.7430
XC	-3.7512
NJ	-3.7595
CY	-3.7626
BB	-3.7792
AZ	-3.8064
BT	-3.8089
HG	-3.8324
IU	-3.8327
GC	-3.8334
KW	-3.8411
TK	-3.8421
UO	-3.8462
KH	-3.8629
KL	-3.8748
WM	-3.8758
IZ	-3.8758
IX	-3.8773
OJ	-3.8840
SJ	-3.8862
GP	-3.8984
ZA	-3.9018
XE	-3.9038
KY	-3.9156
UK	-3.9164
FN	-3.9180
PY	-3.9245
ML	-3.9278
TJ	-3.9315
MC	-3.9357
WD	-3.9361
AO	-3.9498
DK	-3.9568
MD	-3.9568
WB	-3.9639
XA	-3.9822
SQ	-3.9864
TV	-3.9883
RJ	-4.0157
ZI	-4.0167
NQ	-4.0207
XI	-4.0248
WF	-4.0254
PW	-4.0337
EZ	-4.0342
KF	-4.0379
KB	-4.0449
YK	-4.0508
YV	-4.0739
WC	-4.0844
MG	-4.0964
BJ	-4.0982
WY	-4.1391
KM	-4.1562
OX	-4.1625
KC	-4.1725
KU	-4.1918
PB	-4.2048
AX	-4.2127
YJ	-4.2223
PF	-4.2313
IQ	-4.2397
ZZ	-4.2614
PM	-4.2712
UY	-4.2832
KD	-4.2841
II	-4.2946
CS	-4.2955
CQ	-4.3213
AJ	-4.3486
HJ	-4.3607
HK	-4.3652
GV	-4.3743
DQ	-4.3790
WP	-4.3801
FV	-4.3956
VY	-4.3992
WU	-4.4179
FK	-4.4230
TQ	-4.4401
HV	-4.4482
FZ	-4.4496
CB	-4.4593
XH	-4.4664
LJ	-4.4823
UZ	-4.4928
RQ	-4.4943
OZ	-4.5035
KP	-4.5098
WG	-4.5113
BH	-4.5161
VP	-4.5177
BW	-4.5324
IJ	-4.5357
ZO	-4.5493
VN	-4.5493
AQ	-4.5597
NX	-4.5615
KR	-4.5741
VS	-4.5833
MV	-4.5889
MJ	-4.5908
PD	-4.5946
BD	-4.5966
DZ	-4.6122
OQ	-4.6162
BM	-4.6326
UU	-4.6475
CD	-4.6475
XO	-4.6651
KG	-4.6696
PC	-4.6742
GJ	-4.6765
BN	-4.6765
UV	-4.6788
GK	-4.7052
YQ	-4.7076
WK	-4.7101
MK	-4.7279
ZL	-4.7548
PN	-4.7548
WV	-4.7893
CW	-4.7953
XS	-4.8076
ZR	-4.8203
XW	-4.8401
NZ	-4.8538
GQ	-4.8643
XM	-4.8862
BF	-4.8900
VU	-4.8976
WJ	-4.9132
HQ	-4.9172
XU	-4.9336
ZY	-4.9550
BC	-4.9550
KK	-4.9775
CM	-5.0162
PG	-5.0212
TZ	-5.0316
MQ	-5.0368
CP	-5.0368
KV	-5.0476
UX	-5.0530
CF	-5.0530
PK	-5.0586
UJ	-5.0698
LQ	-5.0873
JI	-5.0873
XF	-5.0933
BV	-5.1182
VD	-5.1246
ZU	-5.1377
XD	-5.1445
ZT	-5.1583
FQ	-5.1653
RZ	-5.1653
RX	-5.1948
HZ	-5.2025
IY	-5.2183
XB	-5.2183
CN	-5.2183
ZP	-5.2183
KJ	-5.2347
SZ	-5.2431
XY	-5.2517
XQ	-5.2517
CG	-5.2605
BG	-5.2975
WQ	-5.3172
PJ	-5.3379
VR	-5.3596
XL	-5.3596
BK	-5.3709
LZ	-5.3825
UQ	-5.4192
XV	-5.4192
BP	-5.4192
ZD	-5.4593
ZH	-5.4735
ZS	-5.4735
KX	-5.4735
ZW	-5.4883
XX	-5.4883
VT	-5.5035
ZB	-5.5035
PV	-5.5357
MZ	-5.5527
YZ	-5.5889
XG	-5.6082
XN	-5.6082
CV	-5.6284
KQ	-5.6496
PQ	-5.6496
GZ	-5.6954
YX	-5.7202
ZC	-5.7202
ZM	-5.7746
XR	-5.8045
WZ	-5.8045
CZ	-5.8367
ZK	-5.9093
BZ	-5.9507
CJ	-5.9507
QT	-6.0476
KZ	-6.0476
ZN	-6.0476
XJ	-6.0476
JY	-6.0476
QW	-6.1056
XK	-6.1725
ZG	-6.1725
VL	-6.1725
DX	-6.1725
JT	-6.1725
TX	-6.2517
JR	-6.2517
VH	-6.3486
BQ	-6.3486
SX	-6.3486
ZV	-6.3486
JB	-6.3486
QA	-6.3486
VM	-6.4735
VW	-6.4735
ZF	-6.4735
PZ	-6.4735
VG	-6.4735
QH	-6.4735
VV	-6.4735
JP	-6.4735
QL	-6.4735
QO	-6.6496
QG	-6.6496
HX	-6.6496
VB	-6.6496
FX	-6.6496
PX	-6.6496
JS	-6.6496
JG	-6.6496
JW	-6.6496
JM	-6.6496
JH	-6.6496
VC	-6.6496
ZJ	-6.9507
WX	-6.9507
GX	-6.9507
MX	-6.9507
JC	-6.9507
ZQ	-6.9507
JF	-6.9507
VJ	-6.9507
VK	-6.9507
JL	-6.9507
QY	-6.9507
QN	-6.9507
QV	-6.9507
QS	-6.9507
